mass_bin,n,r_orig,r_median,r_ci_low,r_ci_high,trend_median,trend_ci_low,trend_ci_high
Low,44,0.2935870331219168,0.2948649997804881,-0.007557661677422295,0.55246948576082,0.05117304440607856,-0.15417238951115103,0.22645060611811327
