delay_us,v_low_true,v_high_true,v_low_meas,v_high_meas,delta_v
10.0,0.7150802422530007,0.6535341333663218,0.7202337648253758,0.6219892275092436,0.09824453731613225
20.0,0.5681552809562334,0.4745631816387437,0.5524772967826335,0.4566221309792994,0.09585516580333409
40.0,0.3586671369760628,0.25023357040787475,0.3676558650557819,0.2515125714948279,0.11614329356095399
80.0,0.14293568349622865,0.06957426639896977,0.15004763865896784,0.06790596438164126,0.08214167427732658
